x_m,y_m,time_s
3.2284967529251185,0.6048190698539625,0.10191226005554199
3.408967393163555,0.6617308275510899,0.10191917419433594
2.4606088070480645,0.35263537376229936,0.1020967960357666
2.636192448450499,0.26328604109996356,0.10210204124450684
3.227870387219271,0.6055986591463496,0.19257330894470215
2.4606300934607868,0.35363519392157805,0.1927332878112793
2.6359563248925837,0.2652720276732401,0.19273853302001953
3.235386477028956,0.5962439593574761,0.27421069145202637
2.4603108124944746,0.338638606626086,0.2743825912475586
2.635720201334669,0.2672580142465164,0.27438950538635254
3.332450334185519,0.7336345387959503,0.37924790382385254
2.4603108124944746,0.338638606626086,0.3794114589691162
2.635720201334669,0.2672580142465164,0.37941765785217285
3.332450334185519,0.7336345387959503,0.4365699291229248
2.4605875231727623,0.35163567278530206,0.44048070907592773
2.635720201334669,0.2672580142465164,0.44049072265625
2.460395953070523,0.342637648898638,0.5303018093109131
2.635484077776754,0.26924400081979294,0.5303096771240234
3.307673444633197,0.7569175862066899,0.615612268447876
2.4603108124944746,0.338638606626086,0.6157619953155518
2.6358382560765055,0.2662650801476525,0.6157679557800293
3.2159700361291392,0.6204101122621609,0.6700892448425293
3.301114794900993,0.7630808034395413,0.6700963973999023
2.4603108124944746,0.338638606626086,0.6702497005462646
2.635720201334669,0.2672580142465164,0.670255184173584
3.2159700361291392,0.6204101122621609,0.7496047019958496
3.301114794900993,0.7630808034395413,0.7496116161346436
2.460374669195221,0.3416379479216407,0.7497787475585938
2.635720201334669,0.2672580142465164,0.7497842311859131
3.3084021255777745,0.7562328387147145,0.8292148113250732
2.460523666472016,0.3486363314897474,0.8293588161468506
2.635366008960675,0.27023705329420533,0.8293638229370117
3.2191017153281343,0.6165123516601113,0.908940315246582
2.4606088070480645,0.35263537376229936,0.9091029167175293
2.635720201334669,0.2672580142465164,0.9091086387634277
2.4606088070480645,0.35263537376229936,0.9905822277069092
2.6359563248925837,0.2652720276732401,0.9905877113342285
3.2159700361291392,0.6204101122621609,1.0714495182037354
2.4605662367600405,0.35063585262602337,1.0715992450714111
2.6347756930287667,0.27520207891517057,1.0716040134429932
3.2159700361291392,0.6204101122621609,1.1474535465240479
2.4605662367600405,0.35063585262602337,1.1476037502288818
2.6347756930287667,0.27520207891517057,1.147608995437622
3.2147173793825656,0.6219691979169922,1.2386181354522705
3.306944676816785,0.7576024153328441,1.2386250495910645
2.4605875231727623,0.35163567278530206,1.238800287246704
2.635720201334669,0.2672580142465164,1.2388067245483398
3.2140910136767182,0.6227487872093793,1.2995197772979736
2.460523666472016,0.3486363314897474,1.299675703048706
2.6346576242126885,0.27619513138958296,1.2996811866760254
2.4605662367600405,0.35063585262602337,1.3785665035247803
2.6347756930287667,0.27520207891517057,1.378572940826416
3.2128383569301446,0.6243078728642106,1.4565989971160889
3.3186044406483686,0.7466456391194497,1.4566059112548828
2.4605662367600405,0.35063585262602337,1.4567532539367676
2.6347756930287667,0.27520207891517057,1.456758737564087
3.210862523329199,0.6223836598801092,1.5497348308563232
3.301643847332874,0.7588907956351072,1.5497455596923828
2.4580721578240445,0.35546576739777525,1.5498993396759033
2.633260310216096,0.26370112638851695,1.5499053001403809
3.299158234548083,0.7567474657997356,1.639270305633545
2.454408897415703,0.3568499843948538,1.6395418643951416
2.6291820890966426,0.26455513485961335,1.6395487785339355
3.190367727324136,0.6117379015294114,1.7156310081481934
3.2836286394311474,0.7462334634484479,1.7156381607055664
2.4336512486751953,0.358210734080074,1.7159748077392578
2.6067935824761594,0.2649817223645663,1.7159826755523682
3.180424524021765,0.6021481512555069,1.7921497821807861
3.2756065105823944,0.7357905171794453,1.792156457901001
3.454450018492265,0.7963128283208755,1.7921624183654785
2.4190383628772345,0.36210130656562844,1.7923052310943604
2.5910249010415076,0.26381169278351013,1.7923102378845215
3.2579251031978984,0.7182215387123523,1.878758430480957
3.4537283946821247,0.7623370258720997,1.878767490386963
2.393143291776161,0.36158267339454353,1.8789668083190918
2.563067872066377,0.26150563232853186,1.878974437713623
3.154448861181416,0.5836569836436162,1.9578688144683838
2.386587364486741,0.36263321287534533,1.958122968673706
2.555973232511539,0.2616470512054414,1.9581313133239746
3.154448861181416,0.5836569836436162,2.018660068511963
2.386421732698632,0.3606401089857789,2.0188140869140625
2.556086599087293,0.25965029257622785,2.0188190937042236
3.1515631736692864,0.5877402127455212,2.099479913711548
2.3866701853170706,0.363629824220018,2.100445032119751
2.555973232511539,0.2616470512054414,2.100454807281494
3.1433254683954592,0.5793909847630178,2.197258949279785
3.2518058430263097,0.6994839871526362,2.197270631790161
3.4367391245456496,0.751670299855816,2.197281837463379
2.3754184766371162,0.3606490791151209,2.1974897384643555
2.5444099745926336,0.2510032741392485,2.197502374649048
3.2231322170722514,0.6995720990879252,2.2812604904174805
3.4245771950536223,0.7313900530371302,2.281271457672119
2.3539477200968904,0.3632460027983049,2.281520128250122
2.5207173193679693,0.25046110688809486,2.281538248062134
2.3442815586310783,0.3651448245290696,2.36788010597229
2.51000853526437,0.2580373235711648,2.36789870262146
2.32921056051657,0.3657909196240936,2.4454567432403564
2.4936714402877946,0.25754187649312943,2.461787462234497
3.4081685738776604,0.7118428079345201,2.5170459747314453
2.328682758994605,0.36182594628638265,2.517214298248291
2.4936641516942633,0.25854189666226146,2.517226457595825
2.3288147015101393,0.3628171305373429,2.5994961261749268
3.2151714062053838,0.6778672279973522,2.6822659969329834
2.3317717972767755,0.3636842249782519,2.682464599609375
2.4967542142936288,0.2588333886012091,2.6824710369110107
3.2151714062053838,0.6778672279973522,2.7482385635375977
2.3317717972767755,0.3636842249782519,2.74838924407959
2.4967542142936288,0.2588333886012091,2.7483949661254883
3.237496956805869,0.7071550859529633,2.8473124504089355
2.3641958641904006,0.36840523288292815,2.8475027084350586
3.237496956805869,0.7071550859529633,2.9105165004730225
2.363997021669496,0.36641516789511575,2.9107372760772705
2.532153200584373,0.26460040131638163,2.9107444286346436
2.405807927674617,0.3579021808975478,3.0014970302581787
2.5796081539104803,0.2638595837691764,3.0015151500701904
3.2019183180986794,0.6289900713126028,3.0748345851898193
2.4365741462178026,0.35502049820259063,3.0750505924224854
2.6144806379894456,0.26314056100177274,3.075056791305542
3.229561407783622,0.6539983003508326,3.1551826000213623
3.3615709369272277,0.7564923425061476,3.1551904678344727
2.4697557799903183,0.3605420654646496,3.1553702354431152
2.650393452615205,0.2741552962046272,3.1553847789764404
3.246957090305778,0.6756528116561473,3.2483060359954834
3.376633237055634,0.7810835539762221,3.2483255863189697
2.494040148003909,0.36022043590163233,3.2485220432281494
2.677588107131242,0.27599962410271517,3.24853253364563
3.272248300949272,0.7018317756442819,3.3193819522857666
3.4228664858441054,0.7917366513194279,3.319390058517456
2.528800603527265,0.3595014583960332,3.319542646408081
2.710155823134847,0.30844212213491295,3.3195502758026123
3.2736957818818126,0.7007358757274721,3.4127187728881836
3.450345264955425,0.7702875767943154,3.412726879119873
2.530358437960975,0.30740503284790655,3.412883758544922
2.703716362101496,0.33677367807549596,3.412889242172241
3.271598950313902,0.7051843473416806,3.4954185485839844
3.47213805624484,0.7564743855359705,3.4954304695129395
2.524536644016483,0.30925029890392985,3.4956142902374268
2.697717592658517,0.34462760500693834,3.4956209659576416
3.279785096122316,0.6964100079950072,3.5547683238983154
3.467474333502018,0.76024913893356,3.554777145385742
2.524536644016483,0.30925029890392985,3.554936170578003
2.697717592658517,0.34462760500693834,3.5549421310424805
2.83340727567047,0.4874010704922269,3.5549476146698
3.268561779929689,0.7124303059991576,3.6359355449676514
3.456251017309391,0.7762694369377104,3.635946750640869
2.51252469112461,0.340249836641904,3.6361122131347656
2.68783158409654,0.35377686371154726,3.636117935180664
2.822183959477843,0.5034213684963773,3.636122941970825
3.269634185366307,0.7087235381909912,3.7169816493988037
2.5046888022071734,0.3168481085120871,3.7182178497314453
2.6806944291352326,0.3500859556849052,3.718226909637451
2.819323782377639,0.49317941156426315,3.7182328701019287
3.2754015829377607,0.7087892979421472,3.8035449981689453
3.463342346103631,0.7772298625167485,3.803554058074951
2.5019674999555384,0.33555068456466985,3.8038063049316406
2.682475235855761,0.3376166662096367,3.80381441116333
3.2768822322997817,0.7088585896066204,3.878570556640625
3.455576246335932,0.7863984526794385,3.8785769939422607
2.4979382554099945,0.3302185791061558,3.8787248134613037
2.679153519519958,0.33739673334595843,3.878730535507202
3.278121591844381,0.709029798795884,3.9521567821502686
3.448250982520992,0.7949374985840109,3.9521641731262207
2.4937215844200042,0.33624043636781353,3.9523212909698486
2.674936848529968,0.34341859060761615,3.9523277282714844
3.2763568941561947,0.7167149803679517,4.038485527038574
3.4462799871107164,0.8030300134482364,4.038496017456055
2.4923595055220247,0.3510339425973339,4.041000127792358
2.675208861653022,0.3437727465797913,4.041013717651367
3.281450723791746,0.7235628435915115,4.119729995727539
3.4687454083666895,0.7978658470154268,4.119738340377808
2.494929946830098,0.35547606405267596,4.119891166687012
2.683998279857994,0.32089721001256444,4.119896650314331
3.285578297360286,0.7192082816765971,4.200454235076904
3.464834159918192,0.8009806644884798,4.200503587722778
2.4954137488287884,0.3474906902338908,4.2007410526275635
2.68300425600848,0.3257974007132314,4.200753927230835
3.29620621897142,0.7436311416214415,4.295093059539795
3.48186978726389,0.8225871973762521,4.29510235786438
2.513847656814225,0.3465396795677582,4.295260667800903
2.699204026608211,0.3470611512280646,4.295267105102539
2.8340745311762086,0.5139941881286754,4.295273303985596
3.2934018011622492,0.7464833037428774,4.3558995723724365
2.513847656814225,0.3465396795677582,4.356066465377808
2.699204026608211,0.3470611512280646,4.356071949005127
2.8340745311762086,0.5139941881286754,4.356080770492554
3.325058398982555,0.7912122409733663,4.442777395248413
2.5681312039163138,0.3162607061332827,4.443389177322388
2.7468359832571165,0.37206866533725313,4.443399906158447
3.3530087265408954,0.8148631821130404,4.520623445510864
2.781766922152453,0.38190699391086524,4.52095890045166
3.27663654495396,0.707259767797689,4.5953168869018555
3.4350113137656297,0.8097938134561287,4.5953264236450195
2.4634914198175824,0.33173185224269264,4.595508337020874
3.3090696065291274,0.7505799168141144,4.684401273727417
3.493872862539532,0.8357110631492356,4.684445142745972
2.5129509789422944,0.3618385346161881,4.686891555786133
2.711218256920658,0.3095889892377177,4.686950445175171
3.348557805029191,0.797015869936639,4.760313034057617
2.76036002864958,0.36624999414276815,4.760493278503418
3.390418870137487,0.8555501016745123,4.8551366329193115
2.8270119785000887,0.39283146325385765,4.855332612991333
3.51734152813603,0.8629424304864852,4.92020845413208
2.533777456721216,0.3553975069901587,4.920361518859863
2.7382880758981702,0.3008585360392375,4.920367002487183
3.327751656312752,0.7758471054559867,4.9203855991363525
3.5189691270950676,0.8617799781315015,4.983807325363159
2.534340444231024,0.3504293083850194,4.98398756980896
2.722051720107344,0.3637980958509859,4.983993291854858
3.3190522257394495,0.7841126399722015,4.984009742736816
2.807847059175567,0.3927405115968239,5.069568395614624
3.408254548615753,0.8277178949731019,5.069587230682373
2.8613968289837812,0.4163816135349987,5.1620094776153564
3.305308688773266,0.7515377129149883,5.162026405334473
3.508567141323852,0.8278349801530877,5.162031173706055
2.5557709313923547,0.36662158092305797,5.241667985916138
3.3471969257637157,0.804318684076841,5.241699457168579
3.546197604919506,0.8911173085866516,5.241706848144531
2.5996248631951007,0.35662402365882384,5.3308446407318115
2.7839332283984217,0.39652028633829417,5.330864906311035
3.3603558523921166,0.849600787501189,5.330885648727417
2.514699721991124,1.6708234552030523,5.40849232673645
2.842221017116967,0.390639183833005,5.418510437011719
3.287533439757442,0.7393056539330433,5.418527364730835
3.441157608401797,0.8537506043558916,5.4185333251953125
2.4775893761567973,1.6812058818483036,5.500610113143921
2.515679591695667,0.3674399388432914,5.50078558921814
2.7230890953774605,0.30784270473303343,5.500828266143799
3.3240518400650325,0.7818660354532702,5.500857353210449
3.5086202011373384,0.8777228379040809,5.500864505767822
2.5848408663018705,0.3792234988495675,5.56723952293396
2.7790951516367817,0.3805274554962075,5.567256689071655
2.9100393157408586,0.548721787350676,5.567264556884766
3.3593129700548454,0.845689417994211,5.567283868789673
3.5661327926137876,0.9320590186161883,5.56729531288147
2.6100728545736183,0.3868248323064032,5.661056280136108
2.804647411696374,0.39023237219941875,5.661079168319702
2.932042754640617,0.5611303943559234,5.661089897155762
3.3750027655134387,0.8674358283237661,5.661113500595093
3.579969657515133,0.9581150436825118,5.661121368408203
2.6098778223746875,0.3878055552479813,5.733574628829956
2.8013509318043495,0.3996734012527956,5.73359489440918
3.3742229656292215,0.8680617414066558,5.733618259429932
3.604032392410757,0.9437977594035128,5.733626365661621
2.603956924170146,0.3828080528709368,5.804281234741211
2.795372743566718,0.39580592068130693,5.806018352508545
3.3643644027244934,0.8677791381516522,5.8060925006866455
3.6205346352625565,0.92565081211779,5.806100368499756
2.6045281482526406,0.37986291638292324,5.8836376667022705
2.7947223906590963,0.3976972001686869,5.883650779724121
3.362810646750391,0.8690383995926478,5.8836705684661865
3.6325320713010503,0.9184353317192747,5.883679389953613
2.474507606156959,1.6915710679773304,5.966179847717285
2.6045281482526406,0.37986291638292324,5.96638298034668
2.7947223906590963,0.3976972001686869,5.966392755508423
2.924361632963681,0.5620992724961165,5.966402530670166
3.3612568907762888,0.8702976610336435,5.96642279624939
2.508502677388183,1.6921505196751987,6.049965858459473
2.603004891598738,0.3877165746748288,6.05023717880249
2.7940719989869214,0.3995885923865603,6.050249099731445
2.924361632963681,0.5620992724961165,6.0502564907073975
3.3612568907762888,0.8702976610336435,6.0502753257751465
2.508502677388183,1.6921505196751987,6.134605884552002
2.60433773265906,0.3808446675550581,6.1348347663879395
2.7934216460792993,0.4014798718739405,6.134849786758423
3.3612568907762888,0.8702976610336435,6.1348772048950195
2.478507033313101,1.6916392388848236,6.2156431674957275
2.6024336675162436,0.3906617111628423,6.21579384803772
2.7943971948230084,0.3986428962776236,6.2158026695251465
2.9248152794753284,0.5612080383491402,6.215807914733887
3.359703134802187,0.871556922474639,6.215823173522949
2.603195307192318,0.38673482350269395,6.309314727783203
2.7947223906590963,0.3976972001686869,6.309335947036743
3.3612568907762888,0.8702976610336435,6.309361934661865
2.6081458856429403,0.3612104633110984,6.382189750671387
2.7966734493819616,0.3920233617065467,6.382197618484497
3.360479966483105,0.8709273292835399,6.382220983505249
2.589977803185969,0.3584437209936071,6.468673944473267
2.776059816989768,0.3954241681126833,6.468907833099365
3.349447741917631,0.8579948926476051,6.46893835067749
2.5878416228509717,0.3702521395051426,6.534689664840698
2.776059816989768,0.3954241681126833,6.534740686416626
3.349447741917631,0.8579948926476051,6.534757852554321
2.5405771921689855,0.3671484373664371,6.610351324081421
2.7310824840782635,0.379356216287954,6.610447883605957
3.3181396942667747,0.8267963889774999,6.610475301742554
2.471236907531976,1.6854330771735984,6.698718786239624
2.5122046940426275,0.36825424263531437,6.69913125038147
2.7131622578495462,0.33709924240108746,6.699151277542114
3.3034588214193814,0.8046791719460968,6.699182033538818
2.466316174244514,0.3717230149531021,6.809450387954712
2.664530186985098,0.3370069768941415,6.809471845626831
3.270172742454806,0.7774281324886431,6.809491872787476
2.424031383482181,0.3627576196153772,6.875556230545044
2.6253462021473863,0.30660188853123094,6.8755714893341064
3.238501248653433,0.7519710050100626,6.8755943775177
2.477855768317761,1.6747517068746804,6.952749013900757
2.3777723931597166,0.36203906387478546,6.952953815460205
2.577177950578093,0.2994407730157993,6.952961206436157
3.2163565398313168,0.711473372514692,6.952980041503906
2.4743629987627793,1.6720862064171311,7.03153395652771
2.3384524556941186,0.3476074891904186,7.031743288040161
3.18620349231884,0.6889424474951027,7.031766653060913
2.662901439410307,0.3550826863198562,7.1178388595581055
3.1574316325182368,0.6372647045903508,7.117854356765747
3.3611385274165686,0.7015101814562656,7.11786413192749
2.4122581213131786,0.3316834123303658,7.19915771484375
2.6011005929610507,0.3614519508170406,7.199166774749756
3.2297001303463473,0.7531789685992183,7.199183940887451
2.3554518210689426,0.3684370051250727,7.284970283508301
2.555307130524173,0.30078737893571117,7.285008192062378
3.1933057590056855,0.717139470056685,7.2850353717803955
3.1674964752690764,0.6579958441108142,7.369152784347534
2.420066603585246,0.3358418672678094,7.466429948806763
2.6105650207272104,0.3613782875728784,7.466451168060303
2.769056666088483,0.48540838432418587,7.4664623737335205
3.2420118886834572,0.7615063069078687,7.466480016708374
2.350193898377151,0.33438593716451614,7.545265197753906
2.541710633058474,0.3506061724462477,7.5452880859375
2.7060597094214636,0.4667631681378299,7.545299053192139
3.191911080647925,0.7194787207107851,7.545320987701416
2.268898410843019,0.35213329621138456,7.640064001083374
2.469196120500246,0.26692615758787297,7.640084266662598
3.133863288117425,0.6698286175311372,7.6401121616363525
3.2573586176368834,0.7097155585104569,7.724465847015381
2.57947021685189,0.3554125308823337,7.724666595458984
3.222238255112007,0.7466960944563633,7.789541959762573
2.3853424855670298,0.3649966669532094,7.789737939834595
2.5930529501948207,0.28878292951890727,7.789744853973389
3.157441407459526,0.6580784179050572,7.895550012588501
3.278860416583037,0.8053695657746766,7.964625120162964
2.4618502043674364,0.3702341940845748,7.964807748794556
2.660280302295471,0.36203256088532143,7.964815616607666
3.22181107107883,0.7566850510071562,8.0343177318573
2.3816722815735765,0.3680781893473146,8.03447699546814
2.579329565007778,0.34875543446411195,8.034482479095459
3.1893548359225665,0.7250999327189211,8.117334604263306
2.3335789324031655,0.35599246906424487,8.117513179779053
3.1534695722631105,0.6443602026104314,8.19208288192749
2.6444213657086153,0.354587930825885,8.192241191864014
3.197286684539261,0.7320488205366333,8.2786226272583
2.34139278759711,0.3636365443257854,8.278779745101929
2.5503886650310217,0.28014767079918945,8.278787612915039
3.354103581550568,0.7351321246351878,8.355201721191406
2.65067151153108,0.36099485143346977,8.356585264205933
3.297835002735609,0.6826468406615478,8.435832738876343
2.57543696087184,0.34658665938130495,8.43598985671997
3.2279498865814613,0.7555650188846135,8.50832724571228
2.376297638228344,0.35662027703951193,8.508587837219238
2.5846264210601633,0.3025348638684304,8.508594274520874
2.622096063368181,0.39555272280487963,8.586784362792969
3.139299491933745,0.6569138554750851,8.586804151535034
2.5479535639744997,0.3922708750966828,8.669779777526855
3.22442150092965,0.7475851575484009,8.669803619384766
2.3547663829041205,0.38216644129688926,8.671017169952393
3.18782549418502,0.7166355906256108,8.759255170822144
3.1677462321240495,0.6884103731474067,8.847415685653687
2.4359931807467152,0.45800435337979395,8.92033576965332
2.6353022737060154,0.42118098925759506,8.920346021652222
3.1539339767721826,0.6787183731270281,8.920361280441284
2.6199585885683447,0.4266068719710925,9.00425934791565
3.346272044228872,0.7457094457742868,9.004282236099243
2.561274983301266,0.6310789817180724,9.076609373092651
3.298204414799642,0.7815238046260651,9.08091425895691
2.6060805675317327,0.41122768344362615,9.158007383346558
3.28324848143971,0.782817958371232,9.158031702041626
2.6060805675317327,0.41122768344362615,9.227372169494629
3.28324848143971,0.782817958371232,9.227394104003906
2.710727600992222,0.7048948580798644,9.302550077438354
3.275254623471969,0.811042415057657,9.302564859390259
2.72325847499779,0.7303686118175199,9.385372877120972
3.304901372104455,0.8213302416359566,9.38538670539856
2.7360800881706737,0.7437363108171073,9.469734191894531
3.311295353299138,0.846199280407735,9.469748735427856
2.715838261615145,0.7648471800770207,9.556034564971924
3.305555682917187,0.8371768637661263,9.556049346923828
2.7094881564787854,0.769224900775068,9.632767915725708
3.30250964558524,0.8356648655414048,9.632785320281982
2.715581139222233,0.74523625726131,9.716659545898438
3.296955397473192,0.8373564731150938,9.716674566268921
2.7509013638611615,0.6407117560311952,9.797203063964844
3.2933609425558865,0.8325826281363219,9.797224521636963
2.722844491086909,0.672716626765264,9.881149530410767
3.2862598538197796,0.8205527375622275,9.8811776638031
2.709643576197278,0.7062089662980677,9.944681882858276
3.2912535908221763,0.8156474176434318,9.944712400436401
2.678667516995535,0.7050997017200651,10.028454542160034
3.263006580365566,0.7988805247313833,10.02846884727478
2.6669441762497437,0.6837243024493724,10.104655504226685
3.2520900981061476,0.7822003569665856,10.1046724319458
2.816200656609527,0.7626607507848309,10.1952965259552
3.2580709279541935,0.7761479673782343,10.195312023162842
2.8202446649348096,0.768291695928514,10.268373012542725
3.269584260734152,0.7761892768258902,10.26838493347168
2.676218232330212,0.6831344711340672,10.357741594314575
2.830108033951348,0.7609357435854689,10.357751369476318
3.279191394824805,0.7769547490434039,10.35776686668396
2.6900258055883013,0.678486544543361,10.439955472946167
2.8548141128081665,0.7397003947316798,10.43996262550354
3.2799315858416502,0.7982983978496809,10.440016508102417
2.6961877610616827,0.6832193601165766,10.519464254379272
2.8606456751061256,0.7453153838171109,10.519470930099487
3.285443034724162,0.8061906259877738,10.519481420516968
2.7036877792935936,0.6823186593998565,10.599330186843872
3.291605429767775,0.8114081723054654,10.599344491958618
2.7130278646447548,0.6569855473718795,10.65644884109497
3.2888148806791815,0.814273904986561,10.656464338302612
2.767213826912991,0.7017943007378438,10.752391338348389
3.33904914527695,0.8749171365214512,10.752405881881714
2.8078308552360896,0.7243198116543004,10.834153890609741
2.832215601759607,0.7927522321924503,10.910832166671753
2.7397775142851977,0.7069519598869201,10.989188194274902
2.3411135442186524,1.7510876243078717,10.989207744598389
3.3316683232107374,0.8509497201616933,10.98922085762024
2.7836067816687793,0.7280977682125387,11.074683904647827
2.683823270366717,0.6690128886761988,11.14969539642334
2.82798661066078,0.7821685096428301,11.149702310562134
2.7435921219215795,0.6953079629053689,11.233350992202759
3.3288990427460106,0.8607547802701054,11.233365535736084
2.8046467486685307,0.7270760635744387,11.313409805297852
3.3803757487702093,0.9232722903042584,11.313427925109863
2.8703979946486946,0.8077042372966461,11.401630640029907
2.866010933156665,0.8155626610847984,11.457064151763916
3.3966316729554213,0.9410791243904115,11.545973539352417
2.8139007314975917,0.7470025217191525,11.54624342918396
3.431695744687139,0.9909881019666644,11.628653049468994
2.8571305658294976,0.7739260530473924,11.628812551498413
3.4698282449923523,1.048610364589595,11.706385374069214
2.9139399631256016,0.7909887229104078,11.706549882888794
2.800269489722265,0.7344267006335827,11.791845798492432
2.943879878801125,0.8482840221516452,11.79185938835144
2.861410068492069,0.7553711277993296,11.883188009262085
2.8791110362714982,0.8310348569287958,11.956931114196777
2.782471346755672,0.7410624963400869,12.100329875946045
2.8748733419759565,0.8021924907054543,12.211782455444336
2.864983017561144,0.819575836759384,12.269665479660034
2.7508490353881143,0.7299047082523213,12.351693391799927
2.7671986107019446,0.7428935473875868,12.434618949890137
2.7867424523614996,0.750193207165575,12.517270565032959
2.7880267501706566,0.7478843928897789,12.596154928207397
2.7770827947115517,0.7426110786296063,12.67319655418396
2.7375954646375393,0.718261268950962,12.767513036727905
2.9093627382993503,0.7985995879585541,12.767520189285278
2.7051689172465814,0.7019229178985589,12.84463882446289
2.8645511715478147,0.8041325127820709,12.844659328460693
2.7051689172465814,0.7019229178985589,12.90562653541565
2.8645511715478147,0.8041325127820709,12.905633687973022
2.6336157753235514,0.6846509362665998,12.97988748550415
2.80708537705194,0.7596113340402437,12.979894161224365
2.756721381333743,0.7747423656515877,13.063777923583984
2.7283588337623867,0.7652894819729616,13.148530721664429
2.7062976434524186,0.7580792614546794,13.23533034324646
2.693932334476957,0.7517863750617235,13.319459915161133
2.6943196666516895,0.7508643841459961,13.407217741012573
2.69548161700445,0.74809852130356,13.493678092956543
2.693932334476957,0.7517863750617235,13.574973106384277
2.6943196666516895,0.7508643841459961,13.641181230545044
2.6943196666516895,0.7508643841459961,13.714818000793457
2.69548161700445,0.74809852130356,13.800509691238403
2.691543820713606,0.7478432006896332,13.886017322540283
2.6893238448215793,0.7345243274262521,13.960718631744385
2.6610747658991385,0.7298276897355085,14.045838356018066
2.636374061697971,0.7225912709807614,14.124427795410156
2.624589543329283,0.6826386481171798,14.209040641784668
2.603787585894918,0.661305721500002,14.294732332229614
2.5913431825074564,0.6747011718461711,14.376253366470337
2.5889080581856887,0.6823215674354572,14.440183162689209
2.583512183263226,0.6801244257504662,14.523576021194458
2.571861488386687,0.672262744407208,14.596920251846313
2.5586035032066974,0.6714081563946463,14.678516149520874
2.5489164733344927,0.6677562981011367,14.758509397506714
2.5491899456718716,0.666794369651118,14.83402132987976
2.5268810549128005,0.662391034394977,14.919404745101929
2.527138997820427,0.6614249492521649,14.9811532497406
2.5898572194753586,0.7152388569039811,15.079691648483276
2.5357295265130193,0.6430343485425305,15.150033473968506
2.624730700284873,0.7115370169486546,15.24196743965149
2.5601180374469035,0.6941654775861053,15.319441318511963
2.506091960902682,0.6401668553374671,15.402637243270874
2.4396803669598546,0.6402226929931665,15.489566564559937
2.5530367954069604,0.7022395807285455,15.55730652809143
2.494029497597105,0.654212707765691,15.652358293533325
2.494029497597105,0.654212707765691,15.709786653518677
2.567111063338816,0.7055410387763739,15.815285205841064
2.5760814513831525,0.6769135970163931,15.872917890548706
2.6778914969017653,0.7467473321106701,15.950704336166382
2.6553794368490147,0.6754830839648829,16.028995990753174
2.6029775029256887,0.6617103030011546,16.11543869972229
2.5339414435094763,0.6664618933135222,16.198174715042114
2.609328114527416,0.7232255566646844,16.291946172714233
2.5389736680741333,0.6525663641986912,16.36542296409607
2.616408072646386,0.71074710201726,16.452655792236328
2.630466116096135,0.6701100507207225,16.51157522201538
2.549142590150643,0.6489353043320913,16.601237535476685
2.537756618778298,0.646634684361727,16.67768359184265
2.5415492113086797,0.6468818400364136,16.759854793548584
2.531862052346051,0.6424655307183513,16.83691668510437
2.546868189545269,0.6469089179885312,16.917463302612305
2.555661073317504,0.6549019901805411,16.997997999191284
2.5701794462071774,0.6609160667683343,17.086528062820435
2.5593093081011404,0.6983706095565507,17.140482664108276
2.6102795419698066,0.7250843416679902,17.22426128387451
2.6379301762794203,0.736617800399634,17.318155527114868
2.6767810742920517,0.7528392997192483,17.39449167251587
2.7312836668805236,0.7570193127895679,17.473478317260742
2.600671512446426,0.673047869739392,17.553925275802612
2.632348612160438,0.6964055390476664,17.63454556465149
2.64539408121494,0.7045901113751143,17.713592290878296
2.6492477134186982,0.7062424770055822,17.798113107681274
2.6509007467765064,0.7015236389034345,17.857742309570312
2.687400091046035,0.6980301415865231,17.942364931106567
2.6957472548106143,0.7304862598853774,18.025914430618286
2.7176352720427186,0.7416315061979664,18.101685047149658
2.72740477543548,0.765472647319509,18.191619157791138
2.7531346208040857,0.7915555998610813,18.279360055923462
2.7865607073459477,0.7982259096054198,18.355064392089844
2.206668582125651,1.9871494695816225,18.433882236480713
2.8198057508790564,0.7896375223203278,18.43388867378235
2.2072650438073538,1.9974859874084618,18.693761348724365
2.1989516838966194,2.417555130639694,27.9650239944458
2.1606203522196603,2.4054343342567144,30.10458016395569
2.1791344417949285,2.437132173788924,30.696858644485474
2.1791344417949285,2.437132173788924,30.77879285812378
3.0316661843622024,1.335760869514457,32.83549189567566
2.9854436817352967,1.304848944837588,32.91797876358032
2.9761320259475252,1.3225490099095296,32.98246169090271
3.041174604855482,1.3595862253071196,33.06044936180115
2.9846737247257846,1.3518751264389566,33.14573526382446
2.9643799298376683,1.3386336193306396,33.22678732872009
3.2828546102696103,1.5219791352346954,33.22679924964905
2.9670843590687497,1.2968009606768072,33.31167197227478
3.271211628604118,1.5091018182829978,33.31168270111084
2.964835771984652,1.277904879329874,33.391995906829834
2.9721554207254535,1.599967114299203,33.392011642456055
3.068740965673741,1.71570003545161,33.39201736450195
2.945835673460921,1.286052530805142,33.4686381816864
2.9492659770527205,1.6142628171099562,33.46864366531372
2.9172078347278068,1.3235178876568126,33.54571866989136
2.947569441985188,1.6025157209934884,33.54573893547058
2.909942309978308,1.3388870381951181,33.64049744606018
2.950863685976552,1.5975010395918545,33.64052772521973
2.9569545413544036,1.8140806533190792,33.64053463935852
2.909942309978308,1.3388870381951181,33.71021890640259
2.950863685976552,1.5975010395918545,33.710230588912964
2.9569545413544036,1.8140806533190792,33.71023893356323
2.8625025693422232,1.4392388421559312,33.80700898170471
2.9343922696649605,1.6225747455021755,33.80701541900635
3.066518580781871,1.6893740219690905,33.807021379470825
2.78129945536469,1.6110121036792577,33.8650016784668
2.921764170735755,1.6417979399602318,33.865007638931274
3.040777619673216,1.7186725816456576,33.865013122558594
2.6256505156309116,1.6717116053421606,33.968950271606445
2.7178542690184893,1.7531379457423588,33.968966484069824
2.9109527462335416,1.6653356651673186,33.96897745132446
2.8841047563599416,1.90133791631313,33.96898651123047
2.6184197035113326,1.6945964844261419,34.04345083236694
2.7010430101733336,1.7883286299351935,34.043474197387695
2.8943794749017115,1.6903422350446013,34.04348349571228
2.7786760561613155,2.020358089428596,34.043490171432495
2.6184197035113326,1.6945964844261419,34.114731550216675
2.7010430101733336,1.7883286299351935,34.11473727226257
2.8943794749017115,1.6903422350446013,34.114742040634155
2.7786760561613155,2.020358089428596,34.114747047424316
2.620528694869013,1.687921713817873,34.19952440261841
2.736389735823427,1.714338010252264,34.199538707733154
2.6170537020257174,2.1087850505481414,34.19954872131348
3.0193717321417957,1.7486328289504793,34.199557304382324
2.734234450180668,1.7188496281565668,34.29261255264282
2.6037950882530634,2.128790301481614,34.29262042045593
2.992185716103716,1.7793235642917677,34.292625188827515
2.618118424162487,1.6955500068458669,34.373066425323486
2.7329412685178003,1.7215566204122394,34.37307405471802
2.6026902024000047,2.130457407796217,34.37307906150818
3.0008056781922177,1.7695923489956542,34.3730845451355
2.7346655021706137,1.7179473153322518,34.45588493347168
2.609871952212861,2.1196212291721794,34.45589590072632
2.73811396947624,1.7107287051722762,34.53702640533447
2.6281025276282053,2.0921140370856457,34.53703308105469
2.9935118458762906,1.7778264748388195,34.53703856468201
2.73811396947624,1.7107287051722762,34.60421919822693
2.6281025276282053,2.0921140370856457,34.60422682762146
2.9935118458762906,1.7778264748388195,34.60423183441162
2.7385450214661855,1.7098263923479613,34.68398952484131
2.7952529154520316,2.0016442035628432,34.68400263786316
2.738976073456131,1.7089240795236462,34.76610589027405
2.8827782146047185,1.707846789243514,34.766114234924316
3.0332962923651072,1.7329131666079398,34.766119718551636
2.744883790038754,1.711456236488933,34.84512162208557
2.890365905091894,1.7089650791921067,34.845128297805786
3.019625793198327,1.7592072266396612,34.84513306617737
2.7518883855044294,1.697070942610776,34.92590951919556
2.9009803170039543,1.693206461733599,34.92591643333435
3.0410224608057668,1.7354127076006938,34.92592239379883
2.7518883855044294,1.697070942610776,35.01566433906555
2.9009803170039543,1.693206461733599,35.01568365097046
3.0410224608057668,1.7354127076006938,35.01569390296936
2.8022337914670046,1.5936768974106357,35.08974313735962
2.911036082667662,1.6782772347863462,35.08974885940552
3.07378618031588,1.6989772699907872,35.08975386619568
2.8907365110149614,1.4191170443428882,35.17262125015259
2.9276164765003037,1.658472134775005,35.17262673377991
3.085116753389407,1.6907485752994533,35.17263150215149
2.961832914793762,1.6497799328669882,35.263606786727905
3.125253661243442,1.6834725889333628,35.26362586021423
2.961832914793762,1.6497799328669882,35.32742524147034
2.992228797303584,1.6465076377316137,35.40925621986389
3.007254655620244,1.6392297534905604,35.47383236885071
3.028846808078097,1.6267348355172673,35.56228232383728
3.091168378888007,1.545988185910697,35.64939284324646
3.221921545554086,1.3765784615323036,35.727303981781006
3.221921545554086,1.3765784615323036,35.807881593704224
3.443223134452399,1.430610157015735,35.89872598648071
2.4730221045187037,2.3653700584270103,45.54517340660095
2.476200541931345,2.3624989899147395,45.629584074020386
3.559576815340779,1.2408832077155403,45.97347950935364
3.5494134096981256,1.2532406436689079,46.03439688682556
3.535670097621504,1.2400842985273577,46.11369490623474
3.6731017711805167,1.3926766231868253,46.11370539665222
3.5396571098585197,1.237684226403068,46.19737386703491
3.677497137541196,1.3899077765214727,46.19739603996277
3.5448087815074323,1.2353075744014295,46.28355312347412
3.59296459844198,1.473822239181524,46.2835648059845
3.5411616274993403,1.2340131980497502,46.35884666442871
3.5161944634692817,1.5436851618652851,46.35885238647461
3.528146974130256,1.23419900394685,46.43649244308472
3.5466389806572516,1.501787774360875,46.43649864196777
3.5083749776907123,1.2332561073272266,46.519099712371826
3.5351320441238636,1.4931152736833164,46.51910758018494
3.486797281323214,1.2157463082863569,46.60639476776123
3.518856301944946,1.4750047626136276,46.606401681900024
3.4413382713829646,1.1948053733738302,46.69101619720459
3.47234512706751,1.4622846383281534,46.69102239608765
3.4385829895746656,1.1989777077891381,46.74923658370972
3.481610699576768,1.4517895224595678,46.74924325942993
3.3711769596086447,1.1370817132893767,46.83389210700989
3.430630284576865,1.389845784221956,46.833898067474365
3.397116005479402,1.380693229657688,46.925703048706055
3.3741509121471345,1.359731994332751,47.003132820129395
3.3489252532677845,1.3448685033501695,47.08546710014343
3.444515138752985,1.1150212610932675,47.167341232299805
3.4380814513758575,1.4523225008342098,47.16734790802002
3.4162273852984533,1.3949065505925171,47.25314211845398
3.3883494176942808,1.3524274502756148,47.33019661903381
3.458603880095535,1.4678490703332314,47.40842127799988
3.458603880095535,1.4678490703332314,47.472028970718384
3.4400335841243113,1.3811040665006198,47.55583572387695
3.43522148063378,1.3080854106838706,47.64322829246521
3.416764970672098,1.2201002919337764,47.71429252624512
3.369194597955047,1.1873851990864537,47.801851749420166
3.3388871941028104,1.1134012402912712,47.87400507926941
3.2976404676636095,1.0494374071381314,47.95829224586487
3.467242112160024,1.0765321201709728,48.275325298309326
3.4712243190051524,1.0695936557845045,48.35500192642212
3.4657487771756776,1.0791340572397692,48.52238082885742
3.4627621665463706,1.0843378279863953,48.6097514629364
3.4627621665463706,1.0843378279863953,48.684937477111816
3.456788885948371,1.0947454728706145,48.755610942840576
3.461268831562024,1.086939765055192,48.8189971446991
3.4597754965776777,1.0895417021239884,48.91206359863281
3.4503178072424605,1.1060204645747547,48.99485206604004
3.4503178072424605,1.1060204645747547,49.08991837501526
3.459304469746043,1.0981788980981013,49.17488121986389
3.4578044740608322,1.100776863375635,49.254488945007324
3.4885816329718553,1.0803578073939262,49.33968377113342
3.7340666340123656,1.4558807513021033,50.59829497337341
3.748056661443412,1.4715818760582884,50.6682403087616
3.6930736201573477,1.523755749016601,50.75983953475952
3.617089220790034,1.6100399069439986,50.84570074081421
3.6085834824429566,1.6455953726237191,50.91645073890686
3.6085834824429566,1.6455953726237191,50.98037362098694
3.6532150171418576,1.6827091441752304,51.065616607666016
3.6944795656161404,1.6915069654766233,51.155436515808105
3.8586297813373376,1.6055522286405228,51.24019980430603
3.5309857285817063,1.65537625375153,51.312342405319214
3.7348618604770945,1.6998413070725724,51.31235074996948
3.526492114076441,1.6593521727924394,51.39579439163208
3.7114906428758494,1.8975678475355182,51.395806312561035
3.526492114076441,1.6593521727924394,51.48744249343872
3.7114906428758494,1.8975678475355182,51.48745346069336
3.5310094641121466,1.6594605507879823,51.56021738052368
3.6601546967935743,1.7530814429789272,51.560224771499634
3.5449847909718333,1.9797860982716664,51.56023025512695
3.6310753575858254,2.0849987032607613,51.56023597717285
3.537341139492719,1.691026944899011,51.656168699264526
3.626984615716146,1.8083602917119215,51.656198501586914
3.4037020724351383,2.175371201035954,51.656216859817505
3.4248307184309104,2.2713653889149668,51.65622854232788
3.536355698067401,1.729508838513235,51.723901987075806
3.6233031659820725,1.8449165273890547,51.72390866279602
3.3351529760450713,2.2131198036553927,51.723917722702026
3.369592481522714,2.2972827367784237,51.723923206329346
2.595518268107774,2.3910372337066996,51.79093790054321
3.525357310104135,1.7381712337413806,51.791014432907104
3.5852844433861546,1.867065434553751,51.791019916534424
3.3177048180488864,2.2175427012199016,51.791030406951904
3.407368470709457,2.2931628218845206,51.791035652160645
3.539501813885944,1.7557276722927664,51.8739595413208
3.5965705090251454,1.885912695784601,51.87396693229675
3.3213232836830135,2.230400918060584,51.87397575378418
3.409296669303724,2.3079809198664414,51.87398052215576
3.528517027019606,1.7936658342187517,51.9492073059082
3.5402782234244197,1.9423377967446374,51.949214458465576
3.3898801499623694,2.1314286813558136,51.949219703674316
3.2996783104504823,2.2499218416022813,51.949225187301636
3.381303398172638,2.326392766604084,51.94923114776611
3.47746711867834,1.9930453920993287,52.02814197540283
3.2880305237316794,2.2633312015427327,52.02842426300049
3.375966250422338,2.3390432832187056,52.028433322906494
3.3912612912043785,2.044344829241581,52.11863374710083
3.2920062228711986,2.2684830266333855,52.11864447593689
3.3782175041074956,2.3455280007164334,52.11864995956421
3.2572461346527186,2.1094674236952633,52.19814610481262
3.3117576761191496,2.178140240993533,52.198153495788574
3.3461844813549284,2.259011115820276,52.198162317276
3.37921693173911,2.3454945543395818,52.19816851615906
3.261744128419807,2.11556006248765,52.280163526535034
3.1673309240483984,2.230749601588766,52.28018045425415
3.2362811444751673,2.2844324994810776,52.280189990997314
3.376767620506788,2.3531715323796005,52.28020095825195
3.169702213009339,2.234668594327414,52.36468815803528
3.238121146910214,2.289026996685137,52.364694356918335
3.377924805156755,2.359144339279474,52.364699602127075
3.188864669629098,2.2289415101341485,52.41788387298584
3.155074371311464,2.301645697913686,52.417890310287476
3.3759249556079522,2.3591666727966376,52.417898654937744
3.191267369038158,2.2390228051245793,52.49953651428223
3.1726579726457644,2.3083711095877355,52.49954414367676
3.3703019841048976,2.3724608388235526,52.499550342559814
3.189549964223904,2.2419324619586005,52.57610273361206
3.177457093350021,2.309911714537707,52.57611393928528
3.3418096076977646,2.375028630046381,52.57611966133118
3.190864354148925,2.2505245019700246,52.66569709777832
3.1775435487988917,2.3182738374059744,52.665706634521484
3.3406910344551353,2.386353640445017,52.665711879730225
3.151287771446457,2.264826647565311,52.743398904800415
3.209959809184325,2.319464319265002,52.74340486526489
3.2916022181108255,2.389937046129385,52.74341011047363
3.160184065101355,2.2650422656726414,52.822652101516724
3.215755985882061,2.3213619817286872,52.822662591934204
3.24809804313851,2.390543010960584,52.8226683139801
3.171868507609704,2.262308463985966,52.91920876502991
3.206792576981245,2.322172759724361,52.91921877861023
3.2421053855758823,2.3902466267138753,52.91922426223755
3.1957767341201313,2.1902211169461507,52.992839336395264
3.174598201957462,2.2654641637927773,52.992847204208374
3.2040607344747354,2.3261638983908726,52.992854833602905
3.2497808022355352,2.394606039121065,52.99286222457886
3.17362264843358,2.265683867167809,53.09249496459961
3.2040607344747354,2.3261638983908726,53.09251356124878
3.2477841013455624,2.3944906225759723,53.09252619743347
3.17362264843358,2.265683867167809,53.16101598739624
3.2040607344747354,2.3261638983908726,53.161022424697876
3.2477841013455624,2.3944906225759723,53.161027908325195
3.1755737845554792,2.2652444538699905,53.230674028396606
3.2030640684683216,2.3262456952574633,53.23068165779114
3.2477841013455624,2.3944906225759723,53.23068690299988
3.174677625930968,2.2612250325338974,53.30595636367798
3.200698850748002,2.322021441825995,53.30596446990967
3.247018053143721,2.389493620830027,53.30596947669983
3.196144577933655,2.1789050437790602,53.39303112030029
3.177637720126895,2.2546090658241855,53.39304327964783
3.2005072875266922,2.3159014936193247,53.3930504322052
3.244660266619265,2.3825433169960126,53.39306664466858
3.194624956172767,2.1695356901886447,53.47093868255615
3.177557911934,2.245577249487757,53.47094678878784
3.1777655304466927,2.3093517810780337,53.47095322608948
3.2199999986345516,2.371748019194029,53.47095847129822
3.1941994010775128,2.1616788800735907,53.55057072639465
3.1792940657759576,2.2378276831738724,53.5505793094635
3.1785428371374236,2.3021387535762514,53.55058431625366
3.221716517238579,2.363888848156441,53.5505895614624
3.1927988101225373,2.1558817310780327,53.63184952735901
3.17681579131618,2.232517375673997,53.631858587265015
3.1391586186427602,2.3019551750370373,53.631864070892334
3.1366229209144456,2.3577919332930026,53.631869316101074
3.1867846789940044,2.1481183912566917,53.71490740776062
3.169215603835896,2.2253221753003976,53.71493482589722
3.1031149746187148,2.299476067475714,53.71494817733765
3.111159362990014,2.349777335695816,53.7149612903595
3.182309494056383,2.1431313419515416,53.799248456954956
3.1636782541235404,2.2206849944611458,53.799256801605225
3.0718309093537184,2.2998354498334015,53.799262285232544
3.1030137893758583,2.344447581566594,53.79926800727844
3.182309494056383,2.1431313419515416,53.85524225234985
3.1636782541235404,2.2206849944611458,53.85525035858154
3.0718309093537184,2.2998354498334015,53.85525584220886
3.1030137893758583,2.344447581566594,53.8552622795105
3.157139569327122,2.2023209562055635,53.967408657073975
3.0891193011263844,2.280038484595115,53.96741485595703
3.0867221780330807,2.328587884729409,53.96742057800293
3.154339135156587,2.2033968351614197,54.02616596221924
3.0871707111857978,2.2804889224346456,54.02617263793945
3.082737488200771,2.3289376157549246,54.02617788314819
3.148153295893917,2.1927311459142063,54.109264612197876
3.090691862782588,2.2689962766084864,54.10927224159241
3.083723278653155,2.3184229876230495,54.10927772521973
3.1436519656278588,2.18339390409089,54.19301915168762
3.0973988040925096,2.257596562517778,54.19303846359253
3.102648100581651,2.3063288806638678,54.1930456161499
3.143497644698774,2.1721336951123607,54.27024292945862
3.101889160747994,2.2465225884296425,54.27024984359741
3.101487919690334,2.296660956460963,54.27025532722473
3.106952836444362,2.3442814855652063,54.27026104927063
3.1299115684662837,2.165121537153298,54.35486888885498
3.1020678231918937,2.2347840941193993,54.354875802993774
3.10312688267755,2.2849128816195603,54.35488200187683
3.109976287381172,2.332354063755997,54.35488748550415
3.055197717901347,2.1342828162124308,54.44010543823242
3.1172645254096585,2.15678408065364,54.44012141227722
3.101332583042971,2.2220015230747467,54.44013237953186
3.094273385598086,2.2742995871162908,54.44014310836792
3.0984611852443638,2.3204552607940157,54.44015121459961
3.0598984130836233,2.116456990483663,54.513087034225464
3.114924632868028,2.1433432386886775,54.51309418678284
3.1094377319619126,2.2056843067451664,54.513100147247314
3.089982448505544,2.263309871303289,54.513105630874634
3.1143747887482434,2.3064046558854754,54.513110876083374
2.982150665642544,2.1082978108678487,54.61071038246155
3.0326221021780837,2.122222093212782,54.610719442367554
3.1080352802000375,2.1296493212131944,54.61072516441345
3.1246734904682594,2.182530781560045,54.61073040962219
3.0873115924038532,2.249718431542093,54.610738039016724
3.118168247621983,2.290676677055422,54.61074495315552
2.982150665642544,2.1082978108678487,54.66643810272217
3.0326221021780837,2.122222093212782,54.66644358634949
3.1080352802000375,2.1296493212131944,54.66644835472107
3.1246734904682594,2.182530781560045,54.66645336151123
3.094009934456309,2.2476856492776283,54.66645789146423
3.108288166237389,2.2922206333692534,54.666462659835815
3.1132772256382975,2.3389115470242214,54.666467905044556
2.969765432115802,2.0974521659257914,54.755530834198
2.998118753561893,2.1294781228674484,54.75554323196411
3.0930936535732014,2.1120220861337096,54.75555372238159
3.0932177783064274,2.2253568499954723,54.75556206703186
3.110061830835618,2.2689860902504826,54.755576372146606
3.117757813696194,2.3153078343827063,54.755581855773926
3.0033777448036987,2.032424813495869,54.83144426345825
2.991251673956653,2.1208066254327544,54.831453800201416
3.02642554225805,2.146030919441651,54.83146262168884
3.1775032219533728,2.107143842429812,54.83146834373474
3.090128726907853,2.21161008926389,54.83147358894348
3.099804722219478,2.2565419776517035,54.83147931098938
3.13779057822585,2.297805978522912,54.8314847946167
2.9857356312127226,2.109448566197011,54.91469931602478
3.012051982367704,2.141701621686691,54.91470551490784
3.130891088702031,2.114166199752731,54.91471028327942
3.0987590919480326,2.24094640665228,54.91471982002258
3.118591093694912,2.2835256596001012,54.9147253036499
3.173415666890898,2.329330943057552,54.91473031044006
3.0128454033895515,2.0602823815629265,54.99724888801575
3.008005919101553,2.1310723796476454,54.99725532531738
3.072382714246986,2.1363958383035095,54.99726057052612
3.1332395722117896,2.266439637871696,54.997272968292236
3.13094311114532,2.315036861912405,54.9972779750824
3.185660225753089,2.3675977898934764,54.99728322029114
2.9988871353162825,2.1208982180781004,55.080339670181274
3.0321688750682623,2.1466151469631436,55.08034896850586
3.1571528374017777,2.1241889435262826,55.08035397529602
3.11674885104567,2.2519335722056364,55.08036804199219
3.0864557238132004,2.3011895778248257,55.08037328720093
3.176341736638343,2.3462802870177635,55.080379247665405
2.9961644017076066,2.1150415622340155,55.15719485282898
3.0299581438155716,2.140081882250685,55.157201528549194
3.1544642811636665,2.115139003430582,55.15720796585083
3.116645444764278,2.2436726872776065,55.157219886779785
3.087352098444529,2.2935297580747505,55.15722608566284
3.1531377233928373,2.3361544384357336,55.15723133087158
3.1878263851338606,2.3924570592957783,55.15723729133606
2.9885959434978835,2.123023955542366,55.25200366973877
3.0229170884575463,2.145687557903692,55.25201749801636
3.1286219845544867,2.1303763187285196,55.25202560424805
3.1147093908909453,2.2441742771532924,55.253055810928345
3.1330541540409342,2.2883026685198247,55.253066062927246
3.1531377233928373,2.3361544384357336,55.253072023391724
3.1878263851338606,2.3924570592957783,55.253077268600464
2.987907911163011,2.123749617830989,55.33884143829346
3.0182230437803543,2.1494246811931816,55.33884787559509
3.121730717438979,2.134439595744077,55.338852882385254
3.125105955010626,2.2892117293397294,55.338865518569946
3.1441407032072015,2.3359227320250473,55.33887004852295
3.181908232331571,2.391469327894504,55.33887505531311
2.987907911163011,2.123749617830989,55.41737914085388
3.0135290224186875,2.153161785920217,55.41738700866699
3.112255202692143,2.1400266148852674,55.41739225387573
3.109869169658147,2.2454282742656106,55.417402029037476
3.121131885104761,2.289666256363173,55.417407274246216
3.1441407032072015,2.3359227320250473,55.4174120426178
3.180921888229051,2.3913047084473438,55.41741728782654
2.9927241990227937,2.1186699169305294,55.48863244056702
3.007270296182432,2.1581446169728693,55.48864793777466
3.0898585524767244,2.15323228410697,55.48865365982056
3.1111966363168757,2.2908025823880536,55.48867177963257
3.1391423652801693,2.335794006411836,55.48867988586426
3.1799355147308073,2.391140084094079,55.48868727684021
2.9927241990227937,2.1186699169305294,55.563939332962036
3.007270296182432,2.1581446169728693,55.563945293426514
3.0838286841236497,2.156787657171925,55.56394982337952
3.11517073583203,2.290348051978101,55.56396198272705
3.1391423652801693,2.335794006411836,55.56396675109863
3.180921888229051,2.3913047084473438,55.563971519470215
3.012677403302022,2.0976254294133683,55.647950410842896
3.004140933064304,2.160636032499196,55.647976875305176
3.0838286841236497,2.156787657171925,55.64798545837402
3.11517073583203,2.290348051978101,55.64800786972046
3.1391423652801693,2.335794006411836,55.648014545440674
3.180921888229051,2.3913047084473438,55.64802002906799
3.0291903843912125,2.080209318219421,55.72509813308716
3.0033586039425346,2.16125887709955,55.725104093551636
3.0984726427891127,2.1481531840532946,55.72510886192322
3.119144835347184,2.289893521568149,55.72512173652649
3.138142679819296,2.3357682608288344,55.72512769699097
3.1789491706282873,2.3909754646469192,55.72513246536255
3.0291903843912125,2.080209318219421,55.80001378059387
3.0033586039425346,2.16125887709955,55.800020933151245
3.0769373913361275,2.1608509493243946,55.800026655197144
3.18598746844485,2.16489379172458,55.80003237724304
3.114177225757886,2.290461682887335,55.800042152404785
3.138142679819296,2.3357682608288344,55.800047159194946
3.1799355147308073,2.391140084094079,55.800053119659424
3.0326305870760253,2.0765809635229067,55.88300013542175
3.005705614623368,2.1593903247360324,55.88300633430481
3.0838286841236497,2.156787657171925,55.88301134109497
3.184140036403479,2.165659958198002,55.88301658630371
3.116164275515463,2.290234417682359,55.88302516937256
3.1371430241508675,2.3357425160130982,55.8830304145813
3.1799355147308073,2.391140084094079,55.88303518295288
3.028714574546879,2.074165596678976,55.966580629348755
3.002888258193111,2.157324155046094,55.966601848602295
3.0809700250498278,2.1536874599628506,55.96660804748535
3.181390044979178,2.161230981626785,55.966614723205566
3.118045243055384,2.28631411597042,55.96662378311157
3.1356489014825244,2.3319083092645236,55.96662950515747
3.1791825407988483,2.3865954629878052,55.96663737297058
3.028714574546879,2.074165596678976,56.03620362281799
3.004436310953992,2.156057841948156,56.036216259002686
3.081824624283808,2.1531681966382847,56.03622221946716
3.1731229871012565,2.1647884827335435,56.03622817993164
3.118045243055384,2.28631411597042,56.036240577697754
3.1356489014825244,2.3319083092645236,56.03624701499939
3.1791825407988483,2.3865954629878052,56.03625202178955
3.0057120899212197,2.0469131753698564,56.12839102745056
2.995486403521969,2.125175091197869,56.128397941589355
3.0067079372630765,2.1653673356625838,56.12840247154236
3.1384435769187844,2.133651952931139,56.1284077167511
3.1170085480646894,2.2487162692690426,56.12841582298279
3.1162444774883995,2.2944737804076714,56.12842082977295
3.1790079622973417,2.3421221197348663,56.12842535972595
3.0173737125756164,2.1032218459235454,56.19162940979004
3.0083033994503494,2.164161302237897,56.191635608673096
3.1113530106519316,2.14872180677999,56.19164037704468
3.14622946829517,2.241923781329453,56.191649198532104
3.0873586513028575,2.297044745488576,56.19165396690369
3.1500454418022166,2.3406479343876265,56.19165921211243
3.1834104438666375,2.396972684266008,56.19166374206543
3.018083483530327,2.066458964907014,56.269280195236206
3.0055456841220773,2.139605351200745,56.269288301467896
3.0379273254940142,2.1639438471522716,56.26929330825806
3.158630554301433,2.1506407117143858,56.269298791885376
3.121534801622268,2.2676538924710714,56.26930809020996
3.1267782388005014,2.312913067924026,56.2693133354187
3.18228231607418,2.3651978652020444,56.26931858062744
3.0106623716612115,2.0592535466047606,56.35836315155029
3.000348078026545,2.132746441422226,56.35837125778198
3.033452756807113,2.1560919618910144,56.358376264572144
3.1536971535581935,2.1391353140211202,56.35838198661804
3.120166203965542,2.2572194143777966,56.35839247703552
3.1267794536751747,2.3022988057268536,56.358397245407104
3.165909288923979,2.351336509394187,56.358402490615845
3.002200078623855,2.0485242697231207,56.43051862716675
3.008449790332001,2.109123454968399,56.430525064468384
3.011875146894947,2.1583248136307907,56.430530071258545
3.1229309718539415,2.1383689234764867,56.430535316467285
3.1292716978128268,2.2416792332426483,56.43054485321045
3.0821632559807037,2.2933279671913365,56.43055009841919
3.166995976598261,2.336697879474069,56.43058705329895
3.0453330677337282,2.047346558716911,56.51577186584473
3.0310332106846443,2.1258626054650027,56.51577830314636
3.063357138121049,2.155057412652886,56.51578617095947
3.172274863550877,2.1537592645356485,56.51579141616821
3.1705646801098624,2.2131811946344464,56.51579666137695
3.115401954137622,2.2750603865735,56.515801429748535
3.139509425465668,2.3193105035683326,56.51580762863159
3.1837586548125203,2.3731577764467717,56.515812397003174
3.0643759817299436,2.1353093413473703,56.60581874847412
3.1347195975133424,2.149836467250097,56.60582709312439
3.221318299591718,2.175305973567229,56.60583305358887
3.1283315455512954,2.256345331973464,56.60583782196045
3.08601936093379,2.3050581941404684,56.60584354400635
3.17890920164453,2.3532536991593926,56.60584878921509
3.172347456574195,2.114550788510552,56.689903259277344
3.2103954546753735,2.1633341881664765,56.68990874290466
3.175569478489418,2.2339942066716785,56.68991422653198
3.0991957899487614,2.29432771452975,56.68992042541504
3.158771152090175,2.339361396793235,56.68994450569153
3.183987258884213,2.3952207842548012,56.68995213508606
3.2851708736459053,2.1104519695615274,56.766028881073
3.2140992186782706,2.206152645959547,56.766035079956055
3.1346261923508316,2.27659399033959,56.766077756881714
3.1393682266086724,2.3235527276889716,56.7660915851593
3.181993513031472,2.3777653745714633,56.76610040664673
3.2851708736459053,2.1104519695615274,56.84365439414978
3.2140992186782706,2.206152645959547,56.84366583824158
3.1346261923508316,2.27659399033959,56.84367227554321
3.1393682266086724,2.3235527276889716,56.84367823600769
3.181993513031472,2.3777653745714633,56.84368371963501
3.286409069767313,2.047262669951221,56.93065404891968
3.344552778574757,2.107739786763187,56.93066191673279
3.140664781522174,2.2386822825068493,56.930670499801636
3.1075698337964996,2.29043104719027,56.930676221847534
3.185334167742418,2.3372256180951987,56.93068242073059
3.353124916428937,2.069171590418106,57.01459789276123
3.214674275455077,2.1963036557976214,57.014604330062866
3.089492548008874,2.2743167823040835,57.0146107673645
3.1613208040133958,2.3148227914371007,57.01461625099182
3.1885105799587214,2.3692419859595057,57.01462125778198
3.320344329660257,2.036457351323971,57.10083508491516
3.3732961071273833,2.104160249444887,57.10085940361023
3.174464184389076,2.232626653058743,57.10086989402771
3.1378940950462306,2.2882839098460948,57.100876808166504
3.187704264780852,2.33885467913636,57.100881814956665
3.3554533827489506,2.0693239170810007,57.17572093009949
3.2492658217741393,2.1854748281554333,57.17572832107544
3.118182667182186,2.2674697307373854,57.17573356628418
3.1667724648068507,2.312428676618129,57.17573928833008
3.195259125879908,2.368151427706765,57.1757447719574
3.3577903126077064,2.02294461140085,57.261011838912964
3.435014014275537,2.088249938034957,57.261019468307495
3.1356747106761818,2.2401191210917264,57.261025190353394
3.160265831349572,2.2862930918779125,57.26103138923645
3.1960616289333954,2.3397226846469317,57.26103663444519
3.342734770260126,1.990546133579947,57.35552978515625
3.399866385714731,2.0611585440234808,57.3555383682251
3.2939595939728785,2.1790900869726952,57.35554552078247
3.1754403620262295,2.2617014525374923,57.35555100440979
3.170947952419495,2.3138898659819622,57.35555672645569
3.1721168472300905,2.366450762849967,57.35556221008301
3.39206296258318,2.040017756567141,57.425283908843994
3.2897193969670333,2.161054494528836,57.425291538238525
3.17371592289929,2.247162798808496,57.425297021865845
3.1707815143293465,2.2994619526092057,57.42530298233032
3.1735169989715177,2.3519646317638903,57.425307512283325
3.4017313238159232,2.010603261777618,57.50609755516052
3.4646585053061445,2.087955402369618,57.50611186027527
3.229817504713951,2.2233589163485243,57.50611686706543
3.2401713712671807,2.2837176823071696,57.50612473487854
3.2737540872407864,2.3494921194883744,57.5061297416687
3.3606505772672883,2.001638570726309,57.58027791976929
3.460268834586439,2.0600209700357706,57.58028483390808
3.353060736751007,2.180040870557684,57.58029103279114
3.3397289364951384,2.259351367272148,57.58029627799988
3.3972353134420525,2.3399242438343952,57.58030152320862
3.428127837710898,2.0711094742439586,57.643187284469604
3.5042137347971165,2.1505660281475865,57.6431941986084
3.41861818309,2.2551697205901564,57.64319968223572
3.4105538107581896,2.022242378171218,57.72261047363281
3.491764007606118,2.096453641612663,57.72261667251587
3.4133272148970892,2.206527255590702,57.72262263298035
3.363178108286834,2.000517578457397,57.797605752944946
3.463432894166165,2.060399129587008,57.79761552810669
3.571523567418828,2.1407133256146684,57.79762101173401
3.401840453361311,2.0417562176713844,57.87531113624573
3.500849387278051,2.112239055975256,57.87531661987305
3.6713863630930605,2.1997259748200486,57.87532114982605
3.4450214320161927,2.089357425643629,57.968443393707275
3.6516740784579564,2.1585610318759425,57.968451499938965
3.506427327078791,2.1368757034223917,58.041467905044556
3.7195092633840448,2.231558352562219,58.04147911071777
3.497666534473478,2.0998724769188795,58.12431788444519
3.714825288804471,2.1847888536971154,58.12432360649109
3.4892904280463783,2.0597927934660474,58.205039739608765
3.602262498898692,2.148003963508845,58.20504879951477
3.5983602152774408,2.030250010635949,58.27461647987366
3.598293644399989,2.1485022192845658,58.27462339401245
3.6985808368612685,2.264114720964135,58.27462840080261
3.6571350143193646,2.0698769301069584,58.36057949066162
3.715740719235146,2.1911980681193595,58.360599517822266
3.745605227597914,2.021355752929091,58.43659448623657
3.775740417596862,2.296893060288627,58.436604261398315
3.7441015084691527,2.0159616402434555,58.516409397125244
3.775643296501583,2.291341474347068,58.51641869544983
3.8273237686441623,1.9991458141247649,58.598130226135254
3.758349780792517,2.2927577003115,58.598145961761475
3.938327468305441,1.984566391377188,58.67249846458435
3.727227805978066,2.1667414906830706,58.6725058555603
3.773046659240437,2.3025266055213525,58.67251372337341
3.9976700758341126,1.9883586142165217,58.75794744491577
3.717171230294287,2.1797334766584306,58.75795388221741
4.007747505988098,2.0085817284581107,58.83581590652466
3.70279776892321,2.1964789041690738,58.8358256816864
4.008338404782508,2.0250312394412013,58.9288444519043
3.7003037794693494,2.2078271923074584,58.92885231971741
4.021159120053629,2.0228795987919828,58.99287223815918
3.6933062359244393,2.2080137172571694,58.992900371551514
4.029227158063468,2.071902138629171,59.06518507003784
3.7046504537924454,2.2419492982105695,59.0651912689209
4.037472653804768,2.1006160746819296,59.155473470687866
3.7281382905504277,2.263551982880196,59.15548610687256
4.043323534628696,2.1371323068134123,59.24710249900818
3.8301865713490884,2.2990943254003935,59.24710965156555
4.043344519400691,2.159624049904152,59.31470823287964
3.8271826526221044,2.317526259931813,59.314714431762695
4.049279151897304,2.1654416393176943,59.39677429199219
3.8303020589568675,2.3228685650964325,59.396860122680664
4.046997166053076,2.1801650480948247,59.47126054763794
3.828101107486277,2.334853381317446,59.47126841545105
4.046886835866228,2.209266085892092,59.564221143722534
3.823282206910261,2.3585612779045357,59.56422686576843
4.009723618996595,2.0666724499465734,59.65134882926941
4.048588405787609,2.2445416522003225,59.6513557434082
3.8137304806616,2.386511053444222,59.65136098861694
4.009723618996595,2.0666724499465734,59.71755266189575
4.048588405787609,2.2445416522003225,59.7176034450531
3.8137304806616,2.386511053444222,59.717612743377686
4.014379519250264,2.127199637358203,59.803826570510864
3.815780653331907,2.2868155647463815,59.80383586883545
4.030580658719025,2.14507686335858,59.88716220855713
3.828398867910468,2.3036439604392687,59.88717699050903
4.0367738216574525,2.145656639585885,59.959064960479736
3.8251978094414647,2.303712347916381,59.95907139778137
4.031456348686396,2.1393334080410247,60.04245209693909
3.8252517842636626,2.2978615278505283,60.04246234893799
4.028763962399964,2.1288968261979653,60.12383055686951
3.8229748725992927,2.2879639116622954,60.123849630355835
4.021000358186739,2.102159542771176,60.201454877853394
3.8225708873831827,2.2641243518386727,60.20146155357361
4.004420205017202,2.062921525268217,60.29592990875244
3.8233095142948517,2.229202620282645,60.295939922332764
3.9931482366640347,2.016524281209846,60.37244701385498
3.820511624639499,2.1879966587516715,60.372453689575195
3.989172933875107,2.0169676272955295,60.435110569000244
3.8095160734194047,2.187682538360374,60.435118198394775
3.985070609863254,1.9948677862043152,60.514806032180786
3.807836897043419,2.1680970545418967,60.5148138999939
3.9879064285964727,1.9941418963731878,60.60816192626953
3.805294068870379,2.1674247854770385,60.60817003250122
3.9844250814736335,1.9985208933545218,60.690977811813354
3.8014453249494857,2.170111104156188,60.69098615646362
3.9869253745984863,2.008657723471787,60.770798206329346
3.798522940215329,2.1780467475321093,60.770803928375244
3.98832955339899,2.014758749926084,60.858832120895386
3.7982367600453575,2.1826571991011994,60.85883831977844
3.996539006831473,2.0381959994811316,60.93327593803406
3.812656929635221,2.2035708724917042,60.93328237533569
3.9972550752953415,2.069469902518739,61.02447748184204
3.8090237161746856,2.229876954673132,61.02448558807373
4.018096445037711,2.102442127309928,61.091660499572754
3.8192718569628132,2.2596110936362734,61.09166669845581
4.031095399887704,2.1022763854795543,61.15331554412842
3.8212558735746027,2.259864178470293,61.153324604034424
4.035888580569854,2.12639495259862,61.24051117897034
3.8174084536543327,2.2792708381686126,61.24051785469055
3.0304882529537642,0.6455810951788841,61.32089114189148
4.033446885240949,2.1591194705161563,61.32092833518982
3.8136612592318224,2.3062554903380224,61.32093358039856
3.0333688121290288,0.6454225717018187,61.40558362007141
4.013786388847759,2.159688584869908,61.405624866485596
3.812618649042569,2.307065131127316,61.405630350112915
3.05086168409876,0.6504625441951346,61.479063987731934
4.033023792210517,2.1748290475084713,61.479108572006226
3.8099352375432995,2.318573664554521,61.479114055633545
3.045257060138978,0.650595680570869,61.5626015663147
4.030147807998602,2.167659342677023,61.56264019012451
3.813323500656658,2.312798967018674,61.56264519691467
3.0112156473033402,0.6407441573521417,61.6482880115509
4.031704104328552,2.1348064941315923,61.648329734802246
3.815300878147039,2.2845240275578074,61.64833641052246
2.979612542680823,0.6282330692689404,61.72035002708435
4.031535218220801,2.1037483381624322,61.72038912773132
3.8184295441346383,2.2581234261438774,61.72039604187012
2.9785251334116527,0.6341337509772791,61.800310134887695
4.030535201196735,2.1037406301247508,61.80037975311279
3.8184295441346383,2.2581234261438774,61.800392150878906
2.9126998595018048,0.6107900226639746,61.89451766014099
4.030092125301206,2.0398783724213523,61.89455962181091
3.824077152928143,2.2037414051855335,61.89456486701965
2.9124254564555714,0.6127710829790722,61.95602798461914
4.0330901045837155,2.0397677102910063,61.95606780052185
3.824077152928143,2.2037414051855335,61.95607304573059
2.8471514670765887,0.6015906768899926,62.04030752182007
4.019405601493791,1.9795962052688414,62.040351152420044
3.8306305657480557,2.1519585001594903,62.040358781814575
2.8150579330971897,0.592708532996596,62.12446188926697
4.015943812314965,1.9495646084129472,62.12450194358826
3.830861933976322,2.1258866805747,62.12450695037842
2.78238665545364,0.5904948068101561,62.19833850860596
4.013831914713593,1.9193688921975973,62.198381423950195
3.832540927565117,2.099850275897967,62.19838809967041
4.002405194472099,1.8743239104574634,62.291481733322144
3.8330027046936443,2.059931417279712,62.29149532318115
3.966614652598837,1.813941755254882,62.371989250183105
3.7996185180440705,2.0044162128763485,62.372002601623535
2.801858796610565,0.589659119073688,62.449294090270996
4.0170386948354695,1.9296048351488402,62.44933342933655
3.8335871570413254,2.1078311701602095,62.44933843612671
2.733954224966764,0.5826874715014616,62.52445721626282
3.974591044238156,1.8724529089763673,62.524497747421265
3.7948408535687776,2.05406831219687,62.524503231048584
3.974591044238156,1.8724529089763673,62.58934211730957
3.7948408535687776,2.05406831219687,62.58935189247131
2.811452739843781,0.605438373768648,62.668047189712524
3.999045663812935,1.9376735632168165,62.66808724403381
3.8324867395940347,2.1127060565621,62.668092489242554
3.9970595341333133,1.8846604527476418,62.746989727020264
3.8132910285569617,2.0664923670168722,62.7469961643219
3.9714404997178288,1.8309210834532381,62.842663526535034
3.819026088413069,2.017254027619834,62.84267020225525
3.9548478474810107,1.7598124245478475,62.913392543792725
4.0267934649000265,1.9356579610325488,62.913400411605835
3.7980671061908193,2.110989424345437,62.91340613365173
2.7415663049518653,0.5934398358228237,62.99972367286682
4.017164125652988,1.8686129089696528,62.99977731704712
3.797173994673678,2.0547881260838485,62.999786376953125
3.967726503351942,1.8069016358915508,63.078126192092896
3.7637093056942286,1.998387667938923,63.07813215255737
2.8290664016034652,0.6096746079139779,63.15765380859375
3.9661816379588366,1.7712149312107126,63.15768814086914
3.724359187597642,1.9718037527243988,63.1576931476593
2.7937592560055853,0.6035912077338552,63.23952531814575
3.679797644289855,1.8057468299298851,63.23957395553589
3.742001301691922,1.944035144672195,63.23957896232605
2.7937592560055853,0.6035912077338552,63.300387382507324
3.679797644289855,1.8057468299298851,63.300450563430786
3.742001301691922,1.944035144672195,63.300459146499634
2.7939213206739306,0.6015978106216091,63.39595913887024
3.661311170891261,1.8101345777240132,63.39604210853577
4.0038546196263916,1.91950387478604,63.396047830581665
2.7974480049901658,0.6027384535895923,63.46878218650818
3.6470766131017167,1.8160232580076394,63.46884727478027
3.9969583763877767,1.9235193148718766,63.46885585784912
2.7977828251094543,0.5987524233364061,63.549285888671875
3.640261549174334,1.81762153095696,63.549373388290405
3.9830160227966354,1.9247878050606184,63.54938578605652
2.7977828251094543,0.5987524233364061,63.64732122421265
3.635393629789011,1.8187631583805528,63.647358417510986
3.9650900548087744,1.9264187287326981,63.64736366271973
2.7806954272143987,0.596766330969138,63.7189085483551
3.626936398459088,1.8086037886983295,63.71894359588623
3.9487344385429965,1.912822124325475,63.71894860267639
2.766529012104444,0.5761831083550146,63.809523582458496
3.6236073712890695,1.798493848913033,63.80960392951965
3.6150721258722895,1.7537891203515255,63.89538383483887
2.8351327948261735,0.6009539305639551,63.973488569259644
3.7361457851992874,1.485044276424107,63.97351574897766
3.6156706303383204,1.7047368272557502,63.97352051734924
3.6242392273123643,1.84579664788534,63.973525524139404
2.7728301839098495,0.5850167229040086,64.06626963615417
3.6086256708697766,1.4964025211577687,64.06634736061096
3.5940156498613804,1.808811413884932,64.06635689735413
3.593488475451676,1.4382151816993962,64.16367173194885
3.5828246894144455,1.7599861869076563,64.16368198394775
2.8188790567794095,0.6118194485211146,64.24753427505493
3.5342212936056403,1.4056704512645446,64.24758005142212
3.5626302104007768,1.711398783177584,64.24759030342102
2.748410919411749,0.6037502943110762,64.3291540145874
3.5689866867235396,1.3097234562547793,64.32918119430542
3.59845682307491,1.4804735188995437,64.32918739318848
3.5290404636222767,1.6731248030791375,64.32919335365295
3.571802846932149,1.7988846342440041,64.3291985988617
3.5689866867235396,1.3097234562547793,64.39476728439331
3.59845682307491,1.4804735188995437,64.39478945732117
3.5290404636222767,1.6731248030791375,64.39479970932007
3.571802846932149,1.7988846342440041,64.39480710029602
2.825647044714718,0.6015852280081662,64.47135019302368
3.543015312642536,1.4034635395012776,64.47137522697449
3.470391300464835,1.6104057933503242,64.47138094902039
3.555119626039893,1.718545319345909,64.47138619422913
3.36680367249249,1.4737170316811397,64.5560302734375
3.4695438033876904,1.5627880682829092,64.55604147911072
2.894723631430475,0.5947940843896695,64.64268565177917
3.365161382383723,1.4171625214803325,64.64272904396057
3.5950564106217953,1.4322430286865564,64.64273715019226
2.814929515201729,0.6123796621857736,64.72600245475769
3.276287401393518,1.2371112327772924,64.72601962089539
3.5253344320020057,1.4079257846947493,64.72602868080139
2.7403381503613327,0.6041816197991627,64.80552792549133
3.2316190091184094,1.2056662432634795,64.80554509162903
3.48870131295589,1.3641298783829607,64.80555391311646
3.2287547993114276,1.0916195322617956,64.89148116111755
3.495504359954892,1.2679088099054896,64.89149260520935
2.7581667710448374,0.6105308678455728,64.98579931259155
3.19731590891855,1.0042054821904596,64.98581624031067
3.328902366853757,1.1013970800225987,64.98582744598389
3.5111393907050514,1.1513982189036833,64.98583602905273
3.5223646527829704,1.3587841053512046,64.98584246635437
3.234028793194186,1.0903988394774373,65.068532705307
3.4764329317300966,1.291454554808357,65.06855010986328
2.7791309615789186,0.6159132026908489,65.15494632720947
3.1928447623208904,1.046050680728476,65.15496563911438
3.3381784712144538,1.119342212394907,65.15497303009033
3.4405750975273475,1.2456824435795921,65.1549801826477
3.2504045433679747,1.134555777535244,65.23819637298584
3.4516679887214403,1.1485008381273607,65.23821449279785
2.8371158654051776,0.6251930380205841,65.31487917900085
3.2158329382436937,1.097505673345466,65.31489181518555
3.4758799837908225,1.041027591677552,65.31489682197571
2.8371158654051776,0.6251930380205841,65.37410140037537
3.2158329382436937,1.097505673345466,65.37411522865295
3.4758799837908225,1.041027591677552,65.37411999702454
3.181828360823042,1.0203174806549637,65.45913529396057
3.281067392647363,1.1569059899777403,65.45914387702942
3.6150331448023625,1.055054791705961,65.4591498374939
3.251059784880994,1.1337981805772461,65.545081615448
3.5868308926596026,1.0165734845448806,65.54508829116821
2.8712639201511925,0.626643336879152,65.62978529930115
3.244436618277287,1.1051342692433848,65.62979817390442
3.5705192939326684,0.9936181981892389,65.62980341911316
2.837770505551926,0.6275414926147806,65.71046185493469
3.233547251317978,1.0755492152272517,65.71047735214233
3.5154071045936366,1.0067060926080709,65.71048283576965
2.824738700670061,0.6269032602855011,65.79127907752991
3.223767116781524,1.0720172626996651,65.79129457473755
3.505118217523128,1.0011236061990763,65.79129958152771
2.8042416134817345,0.6164510866564605,65.86966824531555
3.2257432576784333,1.037626402209263,65.8696813583374
3.3392992577477774,1.1594831702518689,65.86968612670898
3.337726000410349,1.152795778149244,65.96110606193542
3.6559368663547236,1.0939274720255852,65.96111297607422
3.381315258790524,1.1539235885463097,66.04004096984863
3.6891709717001318,1.1212652068281477,66.0400595664978
3.4154095264876623,1.1173507004756833,66.10569286346436
3.526767679309337,1.252818112660393,66.10570335388184
3.5366444854997376,1.2881693723498562,66.21354961395264
3.5366444854997376,1.2881693723498562,66.27970886230469
3.740227153861888,1.1719157533143445,66.36995434761047
3.7728163820135814,1.3898850519622004,66.37127423286438
3.7537584336407344,1.1922244998426268,66.45422697067261
3.7062227489488704,1.4501203766667978,66.45425772666931
2.6850800248710818,2.0487481408400656,66.53881907463074
2.955817028576605,0.6329981773969298,66.53898620605469
3.787625845079745,1.4605447794350916,66.53901267051697
3.0082759720422287,0.6745136555212119,66.61386060714722
3.6763398736237156,1.1339166567762102,66.61388373374939
3.798987460961394,1.524049354501492,66.61389374732971
3.0638695750171783,0.6987772800348273,66.69382572174072
3.710954422155961,1.1872869470443523,66.69384336471558
3.7373674214411325,1.2501664739913958,66.77205228805542
3.8709520859115463,1.4779740447915213,66.8572690486908
3.044598938758079,0.6877681351350198,66.9419538974762
3.8000768088265025,1.5764221947346884,66.94200873374939
3.044598938758079,0.6877681351350198,66.99682760238647
3.0288580738619895,0.6722248939151836,67.15376329421997
3.798889230939242,1.3431237498276594,67.15378642082214
3.8743052221169756,1.5373542026864502,67.15379214286804
3.093899711281153,0.705862828133569,67.2369236946106
3.8196749614441106,1.4170557514239452,67.23696660995483
3.8347241125662705,1.6291841100269606,67.23697590827942
3.174007058846712,0.7430911734982493,67.3260235786438
3.835114489108279,1.7177833874484554,67.32608270645142
3.8350526912161023,1.463383963183088,67.56793713569641
3.134191196862118,0.7186785221526086,67.63047981262207
3.830459179064743,1.4653587032752564,67.63050198554993
3.1251308140191005,0.715953874630636,67.70868968963623
3.829667074286985,1.4590795424199878,67.70871090888977
3.1133894932663027,0.7110753696607108,67.79937171936035
3.8216647462303186,1.4506382582634216,67.79939937591553
3.10408834191931,0.7045107657873626,67.87941694259644
2.288248489869552,2.294181154574157,75.39755201339722
2.288248489869552,2.294181154574157,75.45995259284973
2.00787253680429,2.1060294075015986,80.92397093772888
1.9408007467137893,2.1732428247122524,105.71786618232727
1.9408007467137893,2.1732428247122524,105.78192973136902
1.9555341460782,2.0947132586207697,120.36967849731445
1.9395395313454116,2.1125957987234827,121.65420651435852
1.9395395313454116,2.1125957987234827,121.71659660339355
